antecedents,consequents,antecedent support,consequent support,support,confidence,lift,leverage,conviction,zhangs_metric
['weigth_of_list_wp'],['vs_str_Violate'],0.4444444444444444,0.4722222222222222,0.20833333333333334,0.46875000000000006,0.9926470588235295,-0.001543209876543189,0.9934640522875817,-0.013157894736841931
['weigth_of_list_wn'],['vs_str_Violate'],0.4305555555555556,0.4722222222222222,0.2222222222222222,0.5161290322580645,1.092979127134725,0.018904320987654294,1.0907407407407408,0.14939024390243882
['has_duplicates_True'],['vs_str_Violate'],0.4027777777777778,0.4722222222222222,0.19444444444444445,0.48275862068965514,1.022312373225152,0.004243827160493818,1.0203703703703704,0.03654485049833879
['has_zeros_True'],['vs_str_Violate'],0.3888888888888889,0.4722222222222222,0.18055555555555555,0.46428571428571425,0.9831932773109243,-0.0030864197530864335,0.985185185185185,-0.02721088435374162
['more_positive_or_negative_e'],['vs_str_Violate'],0.3472222222222222,0.4722222222222222,0.1527777777777778,0.44000000000000006,0.931764705882353,-0.011188271604938238,0.9424603174603176,-0.100869565217391
['more_positive_or_negative_n'],['vs_str_Violate'],0.3472222222222222,0.4722222222222222,0.18055555555555555,0.52,1.1011764705882354,0.016589506172839524,1.0995370370370372,0.14075286415711963
['more_positive_or_negative_p'],['vs_str_Violate'],0.2916666666666667,0.4722222222222222,0.1388888888888889,0.47619047619047616,1.0084033613445378,0.0011574074074074125,1.0075757575757576,0.011764705882352995
['is_sorted_True'],['vs_str_Violate'],0.2638888888888889,0.4722222222222222,0.1111111111111111,0.42105263157894735,0.891640866873065,-0.013503086419753091,0.9116161616161615,-0.14170040485829963
