antecedents,consequents,antecedent support,consequent support,support,confidence,lift,leverage,conviction,zhangs_metric
['has_zeros_True'],['vs_str_Violate'],0.37142857142857144,0.45714285714285713,0.15714285714285714,0.4230769230769231,0.9254807692307693,-0.012653061224489809,0.9409523809523812,-0.11355311355311366
['has_duplicates_True'],['vs_str_Violate'],0.4,0.45714285714285713,0.18571428571428572,0.4642857142857143,1.015625,0.0028571428571428636,1.0133333333333334,0.0256410256410257
['more_positive_or_negative_e'],['vs_str_Violate'],0.32857142857142857,0.45714285714285713,0.14285714285714285,0.43478260869565216,0.9510869565217391,-0.007346938775510209,0.9604395604395605,-0.07114624505928858
['more_positive_or_negative_n'],['vs_str_Violate'],0.34285714285714286,0.45714285714285713,0.15714285714285714,0.4583333333333333,1.0026041666666667,0.00040816326530612734,1.0021978021978022,0.003952569169960522
['more_positive_or_negative_p'],['vs_str_Violate'],0.3142857142857143,0.45714285714285713,0.15714285714285714,0.5,1.09375,0.013469387755102036,1.0857142857142859,0.12499999999999996
['weigth_of_list_wn'],['vs_str_Violate'],0.4,0.45714285714285713,0.18571428571428572,0.4642857142857143,1.015625,0.0028571428571428636,1.0133333333333334,0.0256410256410257
['weigth_of_list_wp'],['vs_str_Violate'],0.45714285714285713,0.45714285714285713,0.2,0.43750000000000006,0.9570312500000001,-0.008979591836734663,0.9650793650793652,-0.07638888888888863
