antecedents,consequents,antecedent support,consequent support,support,confidence,lift,leverage,conviction,zhangs_metric
['has_zeros_True'],['vs_str_Violate'],0.38095238095238093,0.38095238095238093,0.16666666666666666,0.4375,1.1484375,0.0215419501133787,1.1005291005291005,0.20879120879120894
['has_duplicates_True'],['vs_str_Violate'],0.38095238095238093,0.38095238095238093,0.16666666666666666,0.4375,1.1484375,0.0215419501133787,1.1005291005291005,0.20879120879120894
['weigth_of_list_wn'],['vs_str_Violate'],0.38095238095238093,0.38095238095238093,0.38095238095238093,1.0,2.625,0.23582766439909297,inf,1.0
['more_positive_or_negative_e'],['vs_str_Violate'],0.3333333333333333,0.38095238095238093,0.11904761904761904,0.35714285714285715,0.9375000000000001,-0.007936507936507936,0.9629629629629631,-0.09090909090909093
['more_positive_or_negative_n'],['vs_str_Violate'],0.3333333333333333,0.38095238095238093,0.16666666666666666,0.5,1.3125,0.03968253968253968,1.2380952380952381,0.3571428571428571
"['weigth_of_list_wn', 'has_zeros_True']",['vs_str_Violate'],0.16666666666666666,0.38095238095238093,0.16666666666666666,1.0,2.625,0.10317460317460317,inf,0.7428571428571428
"['weigth_of_list_wn', 'has_duplicates_True']",['vs_str_Violate'],0.16666666666666666,0.38095238095238093,0.16666666666666666,1.0,2.625,0.10317460317460317,inf,0.7428571428571428
"['weigth_of_list_wn', 'more_positive_or_negative_n']",['vs_str_Violate'],0.16666666666666666,0.38095238095238093,0.16666666666666666,1.0,2.625,0.10317460317460317,inf,0.7428571428571428
"['more_positive_or_negative_e', 'weigth_of_list_wn']",['vs_str_Violate'],0.11904761904761904,0.38095238095238093,0.11904761904761904,1.0,2.625,0.07369614512471656,inf,0.7027027027027029
