antecedents,consequents,antecedent support,consequent support,support,confidence,lift,leverage,conviction,zhangs_metric
['has_duplicates_True'],['vs_str_Violate'],0.38333333333333336,0.36666666666666664,0.15,0.3913043478260869,1.0671936758893281,0.00944444444444445,1.0404761904761903,0.10210210210210216
['is_sorted_True'],['vs_str_Violate'],0.3,0.36666666666666664,0.13333333333333333,0.4444444444444445,1.2121212121212124,0.023333333333333345,1.14,0.25000000000000017
['more_positive_or_negative_e'],['vs_str_Violate'],0.35,0.36666666666666664,0.11666666666666667,0.33333333333333337,0.9090909090909093,-0.011666666666666659,0.95,-0.13333333333333328
['more_positive_or_negative_n'],['vs_str_Violate'],0.3333333333333333,0.36666666666666664,0.13333333333333333,0.4,1.090909090909091,0.011111111111111127,1.0555555555555556,0.12500000000000017
['more_positive_or_negative_p'],['vs_str_Violate'],0.3,0.36666666666666664,0.11666666666666667,0.3888888888888889,1.0606060606060608,0.006666666666666682,1.0363636363636362,0.08163265306122468
['weigth_of_list_wn'],['vs_str_Violate'],0.4166666666666667,0.36666666666666664,0.15,0.36,0.9818181818181818,-0.002777777777777768,0.9895833333333333,-0.03076923076923066
['weigth_of_list_wp'],['vs_str_Violate'],0.43333333333333335,0.36666666666666664,0.16666666666666666,0.3846153846153846,1.048951048951049,0.007777777777777772,1.0291666666666666,0.08235294117647053
