antecedents,consequents,antecedent support,consequent support,support,confidence,lift,leverage,conviction,zhangs_metric
['has_duplicates_True'],['vs_str_Violate'],0.3870967741935484,0.3709677419354839,0.16129032258064516,0.4166666666666667,1.1231884057971016,0.01768990634755463,1.078341013824885,0.1789473684210526
['is_sorted_True'],['vs_str_Violate'],0.3064516129032258,0.3709677419354839,0.11290322580645161,0.3684210526315789,0.9931350114416475,-0.0007804370447450637,0.9959677419354839,-0.009868421052631662
['more_positive_or_negative_e'],['vs_str_Violate'],0.3387096774193548,0.3709677419354839,0.12903225806451613,0.380952380952381,1.0269151138716357,0.003381893860561924,1.0161290322580645,0.03963414634146352
['more_positive_or_negative_n'],['vs_str_Violate'],0.3225806451612903,0.3709677419354839,0.11290322580645161,0.35,0.9434782608695651,-0.0067637877211238345,0.9677419354838709,-0.08125000000000006
['more_positive_or_negative_p'],['vs_str_Violate'],0.3225806451612903,0.3709677419354839,0.12903225806451613,0.4,1.0782608695652174,0.009365244536940681,1.0483870967741935,0.10714285714285708
['weigth_of_list_wn'],['vs_str_Violate'],0.4032258064516129,0.3709677419354839,0.14516129032258066,0.36000000000000004,0.9704347826086958,-0.0044224765868886295,0.9828629032258066,-0.048571428571428266
['weigth_of_list_wp'],['vs_str_Violate'],0.43548387096774194,0.3709677419354839,0.14516129032258066,0.33333333333333337,0.8985507246376813,-0.0163891779396462,0.9435483870967742,-0.16666666666666663
